Date,Close/Last,Volume,Open,High,Low,Day
02/24/2020,322.42,161088400,323.14,333.5623,321.24,0
02/25/2020,312.65,218913200,323.94,324.61,311.69,1
02/26/2020,311.5,194773800,314.18,318.11,310.7,2
02/27/2020,297.51,284353500,305.46,311.5637,297.51,3
02/28/2020,296.26,385764000,288.7,297.892,285.54,4
03/02/2020,309.09,238703600,298.21,309.16,294.46,5
03/03/2020,300.24,300139100,309.5,313.84,297.57,6
03/04/2020,312.86,176613400,306.12,313.1,303.33,7
03/05/2020,302.46,186366800,304.98,308.47,300.01,8
03/06/2020,297.46,228667200,293.15,298.78,290.23,9
03/09/2020,274.23,309417300,275.3,284.19,273.45,10
03/10/2020,288.42,276444100,284.64,288.52,273.5,11
03/11/2020,274.36,256416600,280.7,281.94,270.88,12
03/12/2020,248.11,392220700,256,266.66,247.68,13
03/13/2020,269.32,329566100,263.09,271.4754,248.5237,14
03/16/2020,239.85,297240000,241.18,256.9,237.36,15
03/17/2020,252.8,262070500,245.04,256.17,237.07,16
03/18/2020,240,327597100,236.25,248.37,228.02,17
03/19/2020,240.51,289322000,239.25,247.38,232.22,18
03/20/2020,228.8,347158800,242.53,244.47,228.5,19
03/23/2020,222.95,326025200,228.19,229.6833,218.26,20
03/24/2020,243.15,235494500,234.42,244.1,233.8,21
03/25/2020,246.79,299430300,244.87,256.35,239.75,22
03/26/2020,261.2,257632800,249.52,262.8,249.05,23
03/27/2020,253.42,224341200,253.27,260.81,251.05,24
03/30/2020,261.65,170961900,255.7,262.43,253.53,25
03/31/2020,257.75,194881100,260.56,263.33,256.22,26
04/01/2020,246.15,189554600,247.98,257.6591,243.9,27
04/02/2020,251.83,177660400,245.19,252.68,244.59,28
04/03/2020,248.19,135561200,250.76,253.32,245.22,29
04/06/2020,264.86,188061200,257.84,267,248.1698,30
04/07/2020,265.13,201427200,274.21,275.03,264.89,31
04/08/2020,274.03,153774500,267.96,276,265.2542,32
04/09/2020,278.2,190282700,277.58,281.2,275.47,33
04/13/2020,275.66,114839100,277.14,277.51,271.41,34
04/14/2020,283.79,134143400,280.98,284.9,275.5106,35
04/15/2020,277.76,121775000,277.57,283.9407,275.46,36
04/16/2020,279.1,131798300,279.15,280.03,275.76,37
04/17/2020,286.64,146684800,285.38,287.3,282.4,38
04/20/2020,281.59,100109300,282.61,286.7912,281.35,39
04/21/2020,273.04,126385700,276.73,278.04,272.02,40
04/22/2020,279.1,93524580,278.35,281,276.91,41
04/23/2020,279.08,104709700,280.49,283.94,278.75,42
04/24/2020,282.97,85165950,280.73,283.7,278.5,43
04/27/2020,287.05,77896610,285.12,288.27,284.62,44
04/28/2020,285.73,105270000,291.02,291.4,285.4,45
04/29/2020,293.21,118745600,291.53,294.88,290.41,46
04/30/2020,290.48,122901700,291.71,293.3239,288.59,47
05/01/2020,282.79,125180000,285.31,290.6572,281.52,48
05/04/2020,283.57,80873210,280.74,283.9,279.13,49
05/05/2020,286.19,79569940,286.64,289.25,283.7134,50
05/06/2020,284.25,73632630,288.04,288.46,283.78,51
05/07/2020,287.68,75250410,287.75,289.78,287.13,52
05/08/2020,292.44,76622130,291.09,292.95,289.86,53
05/11/2020,292.5,79514230,290.34,294,289.88,54
05/12/2020,286.67,95870790,293.79,294.24,286.52,55
05/13/2020,281.6,144721100,286.06,287.19,278.965,56
05/14/2020,284.97,121977900,278.95,285.11,272.99,57
05/15/2020,286.28,111146300,282.37,286.33,281.34,58
05/18/2020,295,120320200,293.05,296.75,292.7,59
05/19/2020,291.97,95189320,294.35,296.205,291.95,60
05/20/2020,296.93,85861690,295.82,297.87,295.57,61
05/21/2020,294.88,78293930,296.79,297.67,293.6886,62
05/22/2020,295.44,63958200,294.57,295.63,293.22,63
05/26/2020,299.08,88951440,301.93,302.19,295.4646,64
05/27/2020,303.53,104817400,302.12,303.57,296.87,65
05/28/2020,302.97,90767810,304.65,306.84,302.24,66
05/29/2020,304.32,119265700,302.46,304.96,299.47,67
06/01/2020,305.55,56779840,303.62,306.205,303.06,68
06/02/2020,308.08,74267160,306.55,308.13,305.1,69
06/03/2020,312.18,92567570,310.24,313.22,309.94,70
06/04/2020,311.36,75794360,311.11,313,309.08,71
06/05/2020,319.34,150524700,317.23,321.275,317.16,72
06/08/2020,323.2,73641220,320.22,323.41,319.63,73
06/09/2020,320.79,77479230,320.3,323.2849,319.36,74
06/10/2020,319,95000770,321.42,322.39,318.2209,75
06/11/2020,300.61,209243600,311.46,312.15,300.01,76
06/12/2020,304.21,194678900,308.24,309.08,298.6,77
06/15/2020,307.05,135782700,298.02,308.28,296.74,78
06/16/2020,312.96,137627500,315.48,315.64,307.67,79
06/17/2020,311.66,83398940,314.07,314.39,310.86,80
06/18/2020,311.78,80828660,310.005,312.3,309.51,81
06/19/2020,308.64,135549600,314.17,314.38,306.53,82
06/22/2020,310.62,74649390,307.99,311.05,306.75,83
06/23/2020,312.05,68471250,313.49,314.5,311.6101,84
06/24/2020,304.09,132813500,309.84,310.51,302.1,85
06/25/2020,307.35,89467970,303.47,307.64,301.28,86
06/26/2020,300.05,127961000,306.16,306.39,299.42,87
06/29/2020,304.46,79773260,301.41,304.61,298.93,88
06/30/2020,308.36,113394800,303.99,310.2,303.82,89
07/01/2020,310.52,72396540,309.57,311.89,309.07,90
07/02/2020,312.23,69344220,314.24,315.7,311.51,91
07/06/2020,317.05,61713830,316.37,317.68,315.56,92
07/07/2020,313.78,82909960,315.38,317.52,313.37,93
07/08/2020,316.18,54638600,314.61,316.3,312.7,94
07/09/2020,314.38,83354160,316.84,317.1,310.68,95
07/10/2020,317.59,57550370,314.31,317.88,312.76,96
07/13/2020,314.84,102997500,320.13,322.71,314.13,97
07/14/2020,318.92,93656950,313.3,319.76,312,98
07/15/2020,321.85,87196520,322.41,323.04,319.265,99
07/16/2020,320.79,54622520,319.79,321.28,319.09,100
07/17/2020,321.72,62774910,321.88,322.57,319.735,101
07/20/2020,324.32,56308850,321.43,325.13,320.62,102
07/21/2020,325.01,57498970,326.45,326.93,323.94,103
07/22/2020,326.86,57792920,324.62,327.2,324.5,104
07/23/2020,322.96,75737990,326.47,327.23,321.48,105
07/24/2020,320.88,73766600,320.95,321.99,319.246,106
07/27/2020,323.22,48292970,321.63,323.41,320.775,107
07/28/2020,321.17,57494980,322.43,323.64,320.85,108
07/29/2020,325.12,48454160,322.12,325.73,322.075,109
07/30/2020,323.96,61861710,321.9,324.41,319.64,110
07/31/2020,326.52,85210760,325.9,326.63,321.33,111
08/03/2020,328.79,53077950,328.32,329.62,327.73,112
08/04/2020,330.06,41917890,327.86,330.06,327.86,113
08/05/2020,332.11,42866350,331.47,332.39,331.18,114
08/06/2020,334.33,43679450,331.48,334.46,331.13,115
08/07/2020,334.57,57308270,333.28,334.88,332.3,116
08/10/2020,335.57,44282090,335.06,335.77,332.955,117
08/11/2020,332.8,69601090,336.85,337.54,332.01,118
08/12/2020,337.44,53826130,335.44,338.28,332.8377,119
08/13/2020,336.83,41816150,336.61,338.2514,335.83,120
08/14/2020,336.84,47260390,336.41,337.42,335.62,121
08/17/2020,337.91,35480970,337.94,338.34,336.8517,122
08/18/2020,338.64,38733910,338.34,339.1,336.61,123
08/19/2020,337.23,68054240,339.05,339.61,336.62,124
08/20/2020,338.28,42207830,335.36,338.8,335.22,125
08/21/2020,339.48,55106630,337.92,339.72,337.55,126
08/24/2020,342.92,48588660,342.12,343,339.4504,127
08/25/2020,344.12,38463380,343.53,344.21,342.27,128
08/26/2020,347.57,50790240,344.76,347.86,344.17,129
08/27/2020,348.33,58034140,348.51,349.9,346.53,130
08/28/2020,350.58,48588940,349.44,350.72,348.15,131
08/31/2020,349.31,66099180,350.35,351.3,349.06,132
09/01/2020,352.6,54999330,350.21,352.71,349.24,133
09/02/2020,357.7,69540040,354.67,358.75,353.43,134
09/03/2020,345.39,148011100,355.87,356.38,342.59,135
09/04/2020,342.57,139156300,346.13,347.83,334.87,136
09/08/2020,333.21,114465300,336.71,342.64,332.88,137
09/09/2020,339.79,91462290,337.55,342.46,336.61,138
09/10/2020,333.89,90569550,341.82,342.53,332.85,139
09/11/2020,334.06,84680190,335.82,336.97,331,140
09/14/2020,338.46,65605690,337.49,340.38,334.2208,141
09/15/2020,340.17,52920860,341.12,342.02,338.4683,142
09/16/2020,338.82,82211260,341.51,343.06,338.52,143
09/17/2020,335.84,91523340,333.56,337.6996,332.991,144
09/18/2020,330.65,105877900,335.37,335.49,327.97,145
09/21/2020,326.97,99450830,325.7,327.13,321.73,146
09/22/2020,330.3,63612110,328.57,330.9,325.86,147
09/23/2020,322.64,93112240,330.9,331.2,322.1,148
09/24/2020,323.5,76681330,321.22,326.797,319.8,149
09/25/2020,328.73,71069430,322.58,329.58,321.64,150
09/28/2020,334.19,64584610,333.22,334.96,332.15,151
09/29/2020,332.37,51531590,333.97,334.77,331.6209,152
09/30/2020,334.89,104081100,333.09,338.29,332.88,153
10/01/2020,337.04,88698750,337.69,338.74,335.01,154
10/02/2020,333.84,89431110,331.7,337.0126,331.19,155
10/05/2020,339.76,45713110,336.06,339.96,336.01,156
10/06/2020,334.93,90128880,339.91,342.17,334.38,157
10/07/2020,340.76,56999600,338.12,341.63,338.09,158
10/08/2020,343.78,45242480,342.85,343.85,341.86,159
10/09/2020,346.85,59528610,345.56,347.35,344.89,160
10/12/2020,352.43,80388530,349.59,354.02,349.06,161
10/13/2020,350.13,73255510,352.28,352.4651,349.09,162
10/14/2020,347.93,57958750,350.75,351.93,347.14,163
10/15/2020,347.5,60357660,343.71,348.02,343.13,164
10/16/2020,347.29,89501870,348.96,350.75,347.1,165
10/19/2020,342.01,68425610,348.65,349.33,341.04,166
10/20/2020,343.38,60051880,343.46,346.88,342.64,167
10/21/2020,342.73,63574980,343.33,348.6847,342.4,168
10/22/2020,344.61,55399290,342.96,345.24,340.65,169
10/23/2020,345.78,49143930,345.93,345.99,343.13,170
10/26/2020,339.39,91473000,342.13,342.98,335.62,171
10/27/2020,338.22,65994110,339.76,340.12,337.99,172
10/28/2020,326.66,127094300,332.1,338.2483,326.13,173
10/29/2020,329.98,90597690,326.91,333.395,325.09,174
10/30/2020,326.54,120448700,328.28,329.69,322.6,175
11/02/2020,330.2,86068300,330.2,332.36,327.24,176
11/03/2020,336.03,93294190,333.69,338.25,330.2935,177
11/04/2020,343.54,126959700,340.86,347.94,339.59,178
11/05/2020,350.24,82039750,349.24,352.19,348.86,179
11/06/2020,350.16,74972970,349.93,351.51,347.65,180
11/09/2020,354.56,172304200,363.97,364.38,354.06,181
11/10/2020,354.04,85552020,353.49,355.18,350.51,182
11/11/2020,356.67,58649050,356.4,357.56,355.06,183
11/12/2020,353.21,68118560,355.58,356.7182,351.26,184
11/13/2020,358.1,62959430,355.27,358.9,354.71,185
11/16/2020,362.57,74541140,360.98,362.78,359.59,186
11/17/2020,360.62,66111010,359.97,361.92,358.34,187
11/18/2020,356.28,70591300,360.91,361.5,356.24,188
11/19/2020,357.78,59940950,355.6,358.18,354.15,189
11/20/2020,355.33,70411890,357.5,357.72,355.25,190
11/23/2020,357.46,63230610,357.28,358.82,354.865,191
11/24/2020,363.22,62415880,360.21,363.81,359.29,192
11/25/2020,362.66,45330890,363.13,363.16,361.48,193
11/27/2020,363.67,28514070,363.84,364.18,362.58,194
11/30/2020,362.06,83872710,362.83,363.12,359.17,195
12/01/2020,366.02,74504970,365.57,367.68,364.93,196
12/02/2020,366.79,45927000,364.82,366.96,364.2,197
12/03/2020,366.69,62882000,366.68,368.19,365.5,198
12/04/2020,369.85,50749860,367.32,369.85,367.22,199
12/07/2020,369.09,48944270,369.02,369.62,367.72,200
12/08/2020,370.17,42458860,367.72,370.78,367.67,201
12/09/2020,366.85,74098310,370.88,371.05,365.95,202
12/10/2020,366.73,57735350,365.37,367.86,364.43,203
12/11/2020,366.3,57698610,364.9,366.7402,363.26,204
12/14/2020,364.66,69216170,368.64,369.8,364.47,205
12/15/2020,369.59,64071100,367.4,369.59,365.92,206
12/16/2020,370.17,58420520,369.82,371.16,368.8676,207
12/17/2020,372.24,64119470,371.94,372.46,371.05,208
12/18/2020,369.18,136542300,370.97,371.15,367.02,209
12/21/2020,367.86,96386750,364.97,378.46,362.03,210
12/22/2020,367.24,48388460,368.21,368.3317,366.03,211
12/23/2020,367.57,46201400,368.28,369.62,367.2172,212
12/24/2020,369,26457850,368.08,369.03,367.45,213
12/28/2020,372.17,39000400,371.74,372.59,371.07,214
12/29/2020,371.46,53680450,373.81,374,370.83,215
12/30/2020,371.99,49455260,372.34,373.1,371.57,216
12/31/2020,373.88,78520700,371.78,374.66,371.232,217
01/04/2021,368.79,110210800,375.31,375.45,364.82,218
01/05/2021,371.33,66426230,368.1,372.5,368.05,219
01/06/2021,373.55,107997700,369.71,376.98,369.12,220
01/07/2021,379.1,68766810,376.1,379.9,375.91,221
01/08/2021,381.26,71677210,380.59,381.49,377.1,222
01/11/2021,378.69,51176720,377.85,380.58,377.7189,223
01/12/2021,378.77,52547720,378.89,379.86,376.36,224
01/13/2021,379.79,45303620,378.69,380.86,377.85,225
01/14/2021,378.46,49989110,380.59,381.13,378.1,226
01/15/2021,375.7,107160000,376.72,377.58,373.7,227
01/19/2021,378.65,51233300,378.34,379.23,376.75,228
01/20/2021,383.89,61836060,381.11,384.79,380.69,229
01/21/2021,384.24,47955810,384.49,384.95,383.25,230
01/22/2021,382.88,52136930,382.25,384.1256,381.835,231
01/25/2021,384.39,70401970,383.67,384.77,378.46,232
01/26/2021,383.79,42665280,385.41,385.85,383.54,233
01/27/2021,374.41,123351100,380.22,380.32,372.01,234
01/28/2021,377.63,94198100,376.36,381.93,375.89,235
01/29/2021,370.07,126765100,375.63,376.67,368.27,236
02/01/2021,376.23,75817600,373.72,377.34,370.376,237
02/02/2021,381.55,64450660,379.65,383.22,376.3181,238
02/03/2021,381.85,52427090,382.435,383.7,380.48,239
02/04/2021,386.19,47142560,382.96,386.24,381.9655,240
02/05/2021,387.71,48669770,388.2,388.47,386.1444,241
02/08/2021,390.51,38365190,389.27,390.56,388.35,242
02/09/2021,390.25,35551060,389.61,390.89,389.17,243
02/10/2021,390.08,59154370,392.12,392.28,387.5,244
02/11/2021,390.71,42913290,391.24,391.69,388.1,245
02/12/2021,392.64,50593270,389.85,392.9,389.77,246
02/16/2021,392.3,50972370,393.96,394.17,391.53,247
02/17/2021,392.39,52806680,390.42,392.66,389.33,248
02/18/2021,390.72,59712770,389.59,391.515,387.74,249
02/19/2021,390.03,83240970,392.07,392.38,389.55,250
02/22/2021,387.03,67414170,387.06,389.62,386.74,251
02/23/2021,387.5,107284100,384.66,388.945,380.2,252
02/24/2021,391.77,72433950,386.33,392.23,385.27,253
02/25/2021,382.33,146670500,390.41,391.88,380.7789,254
02/26/2021,380.36,152701600,384.35,385.58,378.23,255
03/01/2021,389.58,105348800,385.59,390.92,380.572,256
03/02/2021,386.54,79595330,389.82,390.07,386,257
03/03/2021,381.42,119940200,385.79,386.83,381.31,258
03/04/2021,376.7,183433000,381.22,384,371.88,259
03/05/2021,383.63,152039600,380.46,384.76,372.64,260
03/08/2021,381.72,123149200,384.66,387.68,381.42,261
03/09/2021,387.17,113633600,385.85,389.91,381.7299,262
03/10/2021,389.58,109899400,389.69,391.4,388.1702,263
03/11/2021,393.53,86245040,392.23,395.65,391.74,264
03/12/2021,394.06,64653570,392.07,394.21,391.2,265
03/15/2021,396.41,73592300,394.33,396.685,392.03,266
03/16/2021,395.91,73722510,397.07,397.83,395.08,267
03/17/2021,397.26,97959270,394.53,398.12,393.3,268
03/18/2021,391.48,115349100,394.475,396.72,390.75,269
03/19/2021,389.48,113624500,389.88,391.569,387.15,270
03/22/2021,392.59,73778650,390.03,394.07,389.97,271
03/23/2021,389.5,90686550,391.91,393.46,388.66,272
03/24/2021,387.52,97588640,391,392.75,387.47,273
03/25/2021,389.7,116128600,385.98,390.55,383.9,274
03/26/2021,395.98,114409100,390.93,396.41,390.29,275
03/29/2021,395.78,108107600,394.4,396.75,392.81,276
03/30/2021,394.73,76262250,394.42,395.45,393.02,277
03/31/2021,396.33,112734200,395.34,398,395.31,278
04/01/2021,400.61,99682880,398.4,400.67,398.18,279
04/05/2021,406.36,91684760,403.46,406.94,403.38,280
04/06/2021,406.12,62020950,405.76,407.24,405.4,281
04/07/2021,406.59,55836280,405.94,406.96,405.45,282
04/08/2021,408.52,57863110,407.93,408.58,406.93,283
04/09/2021,411.49,61104560,408.39,411.67,408.26,284
04/12/2021,411.64,56704900,410.85,411.93,410.2,285
04/13/2021,412.86,56550990,411.53,413.529,411.12,286
04/14/2021,411.45,61659910,412.83,413.96,410.87,287
04/15/2021,415.87,60229840,413.74,416.16,413.69,288
04/16/2021,417.26,82037280,417.25,417.91,415.73,289
04/19/2021,415.21,78498500,416.26,416.74,413.79,290
04/20/2021,412.17,81851830,413.91,415.0859,410.59,291
04/21/2021,416.07,66792980,411.51,416.29,411.36,292
04/22/2021,412.27,97582790,415.89,416.78,411.13,293
04/23/2021,416.74,73276200,412.87,418.25,412.79,294
04/26/2021,417.61,52182390,417.44,418.22,416.8111,295
04/27/2021,417.52,51303060,417.93,418.14,416.3,296
04/28/2021,417.4,51238850,417.81,419.01,416.9,297
04/29/2021,420.06,78544330,420.32,420.72,416.44,298
04/30/2021,417.3,85527030,417.63,418.54,416.34,299
05/03/2021,418.2,68128290,419.43,419.84,417.665,300
05/04/2021,415.62,101591200,416.07,416.6,411.67,301
05/05/2021,415.75,39960660,417.38,417.63,415.15,302
05/06/2021,419.07,74321370,415.83,419.21,413.675,303
05/07/2021,422.12,67733790,419.89,422.815,419.16,304
05/10/2021,417.94,81852450,422.5,422.74,417.81,305
05/11/2021,414.21,116888000,413.1,415.27,410.06,306
05/12/2021,405.41,134811000,411.23,412.59,404,307
05/13/2021,410.28,106394000,407.07,412.35,407.02,308
05/14/2021,416.58,82201630,413.21,417.49,413.18,309
05/17/2021,415.52,64882410,415.39,416.39,413.36,310
05/18/2021,411.94,59810240,415.8,416.06,411.77,311
05/19/2021,410.86,106467100,406.92,411.05,405.33,312
05/20/2021,415.28,78022220,411.8,416.625,411.67,313
05/21/2021,414.94,76578660,416.87,418.2,414.45,314
05/24/2021,419.17,51376700,417.34,420.32,417.08,315
05/25/2021,418.24,57451400,420.33,420.71,417.62,316
05/26/2021,419.07,43088620,418.87,419.61,417.76,317
05/27/2021,419.29,56707680,420.17,420.72,418.9851,318
05/28/2021,420.04,58520160,420.97,421.25,419.79,319
06/01/2021,419.67,54216630,422.57,422.72,419.2,320
06/02/2021,420.33,49097060,420.37,421.23,419.29,321
06/03/2021,418.77,58138760,417.85,419.99,416.28,322
06/04/2021,422.6,55938790,420.75,422.92,418.8422,323
06/07/2021,422.19,51555030,422.59,422.78,421.19,324
06/08/2021,422.28,47134280,423.11,423.21,420.32,325
06/09/2021,421.65,48436340,423.18,423.26,421.41,326
06/10/2021,423.61,51020150,422.96,424.63,421.55,327
06/11/2021,424.31,45570830,424.2,424.43,422.82,328
06/14/2021,425.26,42358480,424.43,425.37,423.1,329
06/15/2021,424.48,51508510,425.42,425.46,423.54,330
06/16/2021,422.11,80386080,424.63,424.87,419.92,331
06/17/2021,421.97,90949660,421.67,423.02,419.32,332
06/18/2021,414.92,118676300,417.09,417.8281,414.7,333
06/21/2021,420.86,72822030,416.8,421.06,415.93,334
06/22/2021,423.11,57700300,420.85,424,420.08,335
06/23/2021,422.6,49445410,423.19,424.05,422.51,336
06/24/2021,425.1,45110290,424.89,425.55,424.62,337
06/25/2021,426.61,58129530,425.9,427.0943,425.55,338
06/28/2021,427.47,53159580,427.17,427.65,425.89,339
06/29/2021,427.7,35970520,427.88,428.56,427.13,340
06/30/2021,428.06,64827860,427.21,428.78,427.18,341
07/01/2021,430.43,53441030,428.87,430.6,428.8,342
07/02/2021,433.72,57697670,431.67,434.1,430.5218,343
07/06/2021,432.93,68710420,433.78,434.01,430.01,344
07/07/2021,434.46,63549460,433.66,434.76,431.51,345
07/08/2021,430.92,97595230,428.78,431.73,427.52,346
07/09/2021,435.52,76238580,432.53,435.84,430.714,347
07/12/2021,437.08,52889590,435.43,437.35,434.97,348
07/13/2021,435.59,52911310,436.24,437.84,435.31,349
07/14/2021,436.24,64130350,437.4,437.92,434.91,350
07/15/2021,434.75,55126360,434.81,435.53,432.72,351
07/16/2021,431.34,75874660,436.01,436.06,430.92,352
07/19/2021,424.97,147987000,426.19,431.4089,421.97,353
07/20/2021,431.06,99608170,425.68,432.42,424.83,354
07/21/2021,434.55,64724390,432.34,434.7,431.0111,355
07/22/2021,435.46,47878540,434.74,435.72,433.69,356
07/23/2021,439.94,63766640,437.52,440.3,436.79,357
07/26/2021,441.02,43719190,439.31,441.03,439.26,358
07/27/2021,439.01,67397140,439.91,439.94,435.99,359
07/28/2021,438.83,52472360,439.68,440.3,437.31,360
07/29/2021,440.65,47435340,439.815,441.8,439.81,361
07/30/2021,438.51,68951200,437.91,440.06,437.77,362
08/02/2021,437.59,58783300,440.34,440.93,437.21,363
08/03/2021,441.15,58053900,438.44,441.28,436.1,364
08/04/2021,438.98,46732210,439.78,441.1243,438.73,365
08/05/2021,441.76,38969660,440.22,441.85,439.88,366
08/06/2021,442.49,46930010,442.1,442.94,441.8,367
08/09/2021,442.13,41222590,442.46,442.795,441.31,368
08/10/2021,442.68,43339280,442.61,443.44,441.88,369
08/11/2021,443.78,44034340,443.82,443.882,442.62,370
08/12/2021,445.11,38942420,443.62,445.2572,442.66,371
08/13/2021,445.92,39470250,445.59,445.94,445.07,372
08/16/2021,446.97,73930860,444.53,447.11,442.87,373
08/17/2021,444.04,92673930,444.24,444.96,440.85,374
08/18/2021,439.18,89351930,442.96,444.625,438.92,375
08/19/2021,439.86,92812250,436.27,441.14,436.12,376
08/20/2021,443.36,72008710,440.23,443.71,439.71,377
08/23/2021,447.26,54973040,445.16,448.23,443.4355,378
08/24/2021,447.97,38744710,447.97,448.54,447.42,379
08/25/2021,448.91,40529710,448.17,449.457,447.77,380
08/26/2021,446.26,57829570,448.61,448.86,446.16,381
08/27/2021,450.25,77235110,447.12,450.65,447.06,382
08/30/2021,452.23,48357360,450.97,453.07,450.71,383
08/31/2021,451.56,59300210,452.13,452.49,450.92,384
09/01/2021,451.8,48721380,452.56,453.11,451.545,385
09/02/2021,453.19,42830870,453.32,454.05,451.91,386
09/03/2021,453.08,47234360,451.98,453.63,451.55,387
09/07/2021,451.46,51671530,452.71,452.81,450.7423,388
09/08/2021,450.91,56181910,450.89,451.67,448.86,389
09/09/2021,448.98,57970410,450.7,452.57,448.72,390
09/10/2021,445.44,89948170,451.04,451.49,445.31,391
09/13/2021,446.58,83738650,448.64,448.92,444.11,392
09/14/2021,444.17,78197140,448.12,448.34,443.22,393
09/15/2021,447.88,78792220,444.62,448.41,443.44,394
09/16/2021,447.17,77786740,447.32,448.36,444.02,395
09/17/2021,441.4,118425000,444.92,445.37,441.02,396
09/20/2021,434.04,166445500,434.88,436.56,428.86,397
09/21/2021,433.63,92526110,436.53,437.91,433.07,398
09/22/2021,437.86,102350100,436.05,440.03,433.747,399
09/23/2021,443.18,76395980,439.85,444.89,439.6,400
09/24/2021,443.91,62094840,441.44,444.67,441.21,401
09/27/2021,442.64,61371110,442.81,444.05,441.9,402
09/28/2021,433.72,130436300,439.69,440.04,432.94,403
09/29/2021,434.45,82329210,435.19,437.04,433.85,404
09/30/2021,429.14,140506000,436.02,436.77,428.78,405
10/01/2021,434.24,129240100,430.98,436.0329,427.23,406
10/04/2021,428.64,128570000,433,433.96,426.36,407
10/05/2021,433.1,90682520,430.24,435.49,429.39,408
10/06/2021,434.9,113032200,429.27,435.1199,427.54,409
10/07/2021,438.66,72437500,438.39,441.68,438.2,410
10/08/2021,437.86,74557400,439.48,439.89,437.19,411
10/11/2021,434.69,65233290,437.16,440.26,434.62,412
10/12/2021,433.62,71181160,435.67,436.1,432.78,413
10/13/2021,435.18,72973980,434.71,436.05,431.54,414
10/14/2021,442.5,70236830,439.08,442.66,438.58,415
10/15/2021,445.87,66260210,444.75,446.26,444.09,416
10/18/2021,447.19,62213230,443.97,447.55,443.27,417
10/19/2021,450.64,46996830,448.92,450.71,448.27,418
10/20/2021,452.41,49571570,451.13,452.732,451.01,419
10/21/2021,453.59,41305440,451.77,453.829,451.31,420
10/22/2021,453.12,58845090,453.13,454.67,451.05,421
10/25/2021,455.55,45214510,454.28,455.9,452.39,422
10/26/2021,455.96,56075120,457.2,458.49,455.56,423
10/27/2021,453.94,72438000,456.45,457.16,453.86,424
10/28/2021,458.32,51437940,455.46,458.4,455.45,425
10/29/2021,459.25,70162420,455.87,459.56,455.56,426
11/01/2021,460.04,48433640,460.3,460.7021,458.2,427
11/02/2021,461.9,48908420,460.22,462.23,460.08,428
11/03/2021,464.72,52509830,461.3,465.15,460.83,429
11/04/2021,466.91,52847090,465.36,467,464.99,430
11/05/2021,468.53,66390560,469.28,470.65,466.92,431
11/08/2021,468.93,50405190,469.7,470.23,468.2031,432
11/09/2021,467.38,51149150,469.32,469.57,465.88,433
11/10/2021,463.62,69429650,465.58,467.38,462.04,434
11/11/2021,463.77,34848500,465.21,465.29,463.75,435
11/12/2021,467.27,53466650,465.12,467.86,464.11,436
11/15/2021,467.43,46980500,468.64,468.81,466.23,437
11/16/2021,469.28,48857500,467.15,470.485,467.07,438
11/17/2021,468.14,47858290,469,469.19,467.48,439
11/18/2021,469.73,50625610,469.24,470.01,466.34,440
11/19/2021,468.89,57315570,469.61,470.94,468.5,441
11/22/2021,467.57,72761950,470.89,473.54,467.35,442
11/23/2021,468.19,73206540,467.22,469.095,464.45,443
11/24/2021,469.44,61858810,466.06,469.57,465.19,444
11/26/2021,458.97,112669600,462.34,463.9,457.77,445
11/29/2021,464.6,86268820,464.07,466.56,461.73,446
11/30/2021,455.56,148559600,462,464.03,455.3,447
12/01/2021,450.5,132485800,461.64,464.67,450.29,448
12/02/2021,457.4,127637800,450.73,459.07,450.31,449
12/03/2021,453.42,137331600,459.17,460.3,448.92,450
12/06/2021,458.79,98977530,456.13,460.79,453.56,451
12/07/2021,468.28,95484690,464.41,468.88,458.6546,452
12/08/2021,469.52,72238780,468.7,470,466.83,453
12/09/2021,466.35,61272570,468.15,469.6291,466.14,454
12/10/2021,470.74,77159760,469.23,470.9,466.51,455
12/13/2021,466.57,87724680,470.19,470.56,466.27,456
12/14/2021,463.36,97264130,463.09,465.74,460.25,457
12/15/2021,470.6,116899300,463.42,470.86,460.74,458
12/16/2021,466.45,116568600,472.57,472.87,464.8,459
12/17/2021,459.87,135636500,461.55,464.74,458.06,460
12/20/2021,454.98,107134800,454.48,455.4,451.14,461
12/21/2021,463.06,69806260,458.61,463.21,456.31,462
12/22/2021,467.69,58890220,462.79,467.81,462.58,463
12/23/2021,470.6,56439750,468.75,472.19,468.64,464
12/27/2021,477.26,56808620,472.06,477.31,472.01,465
12/28/2021,476.87,47274590,477.72,478.81,476.06,466
12/29/2021,477.48,54502960,476.98,478.56,475.92,467
12/30/2021,476.16,55329040,477.93,479,475.67,468
12/31/2021,474.96,65237430,475.64,476.86,474.67,469
01/03/2022,477.71,72668230,476.3,477.85,473.85,470
01/04/2022,477.55,71178680,479.22,479.98,475.58,471
01/05/2022,468.38,104538900,477.16,477.98,468.2801,472
01/06/2022,467.94,86858900,467.89,470.82,465.43,473
01/07/2022,466.09,85111590,467.95,469.2,464.65,474
01/10/2022,465.51,119362000,462.7,465.74,456.5973,475
01/11/2022,469.75,74303060,465.23,469.85,462.05,476
01/12/2022,471.02,67605440,471.59,473.2,468.94,477
01/13/2022,464.53,91173120,472.19,472.88,463.44,478
01/14/2022,464.72,95890950,461.19,465.09,459.9,479
01/18/2022,456.49,109872400,459.74,459.96,455.31,480
01/19/2022,451.75,109357600,458.13,459.6124,451.46,481
01/20/2022,446.75,122379700,453.75,458.74,444.5,482
01/21/2022,437.98,202271200,445.56,448.06,437.95,483
01/24/2022,439.84,252496700,432.03,440.38,420.76,484
01/25/2022,434.47,167997300,433.06,439.72,427.15,485
01/26/2022,433.38,186391100,440.72,444.04,428.86,486
01/27/2022,431.24,149878300,438.26,441.59,429.45,487
01/28/2022,441.95,164457400,432.68,442,427.82,488
01/31/2022,449.91,152251400,441.24,450.28,439.81,489
02/01/2022,452.95,123155400,450.68,453.63,446.9384,490
02/02/2022,457.35,117361000,455.5,458.12,453.05,491
02/03/2022,446.6,118024400,450.95,452.97,445.71,492
02/04/2022,448.7,118454400,446.35,452.78,443.83,493
02/07/2022,447.26,84472860,449.51,450.99,445.85,494
02/08/2022,450.94,81012040,446.73,451.92,445.22,495
02/09/2022,457.54,92589930,455.22,457.88,455.005,496
02/10/2022,449.32,140103700,451.34,457.71,447.2,497
02/11/2022,440.46,153214600,449.41,451.605,438.94,498
02/14/2022,439.02,123006300,439.92,441.6,435.34,499
02/15/2022,446.1,88659500,443.73,446.28,443.18,500
02/16/2022,446.6,84863590,443.93,448.055,441.94,501
02/17/2022,437.06,102259100,443.22,446.5652,436.42,502
02/18/2022,434.23,132642900,437.33,438.66,431.82,503
02/22/2022,429.57,124391800,431.89,435.5,425.86,504
02/23/2022,421.95,132578000,432.66,433.26,421.35,505
02/24/2022,428.3,213942900,411.02,428.76,410.64,506
02/25/2022,437.75,121804500,429.61,437.84,427.86,507
02/28/2022,436.63,145615000,432.03,438.2,430.7,508
03/01/2022,429.98,137785900,435.04,437.17,427.11,509
03/02/2022,437.89,117726500,432.37,439.72,431.57,510
03/03/2022,435.71,105501700,440.47,441.11,433.8,511
03/04/2022,432.17,114083300,431.75,433.37,427.88,512
03/07/2022,419.43,137896600,431.55,432.3018,419.36,513
03/08/2022,416.25,164772700,419.62,427.21,415.12,514
03/09/2022,427.41,116990800,425.14,429.51,422.82,515
03/10/2022,425.48,93972660,422.52,426.43,420.44,516
03/11/2022,420.07,95636280,428.12,428.77,419.53,517
03/14/2022,417,95729190,420.89,424.55,415.79,518
03/15/2022,426.17,106219100,419.77,426.84,418.42,519
03/16/2022,435.62,144954800,429.89,435.68,424.8,520
03/17/2022,441.07,102676900,433.59,441.07,433.19,521
03/18/2022,444.52,106345500,438,444.86,437.22,522
03/21/2022,444.39,88349760,444.34,446.46,440.68,523
03/22/2022,449.59,74650390,445.86,450.58,445.86,524
03/23/2022,443.8,79426100,446.91,448.49,443.71,525
03/24/2022,450.49,64736890,445.94,450.5,444.76,526
03/25/2022,452.69,77101320,451.16,452.98,448.43,527
03/28/2022,455.91,68529770,452.06,455.91,450.06,528
03/29/2022,461.55,86581540,460.02,462.07,457.18,529
03/30/2022,458.7,79666940,460.34,461.195,456.465,530
03/31/2022,451.64,121699900,457.89,458.76,451.16,531
04/01/2022,452.92,89048770,453.31,453.46,449.14,532
04/04/2022,456.8,59601000,453.13,456.91,452.26,533
04/05/2022,451.03,74214500,455.22,457.83,449.82,534
04/06/2022,446.52,106898000,446.89,448.93,443.47,535
04/07/2022,448.77,78097210,445.59,450.69,443.53,536
04/08/2022,447.57,79272710,447.97,450.63,445.94,537
04/11/2022,439.92,89770540,444.11,445,439.39,538
04/12/2022,438.29,84363640,443.08,445.75,436.6501,539
04/13/2022,443.31,74070390,438.03,444.11,437.84,540
04/14/2022,437.79,97869450,443.55,444.7301,437.68,541
04/18/2022,437.97,66002500,436.81,439.75,435.61,542
04/19/2022,445.04,77821010,437.86,445.8,437.68,543
04/20/2022,444.71,65224450,446.92,447.57,443.48,544
04/21/2022,438.06,85417330,448.54,450.01,437.1,545
04/22/2022,426.04,132471800,436.91,438.0825,425.44,546
04/25/2022,428.51,119647700,423.67,428.69,418.84,547
04/26/2022,416.1,103996300,425.83,426.04,416.07,548
04/27/2022,417.27,122030000,417.24,422.92,415.01,549
04/28/2022,427.81,105449100,422.29,429.64,417.6,550
04/29/2022,412,145491100,423.59,425.87,411.21,551
05/02/2022,414.48,158312500,412.07,415.92,405.02,552
05/03/2022,416.38,100028200,415.01,418.93,413.36,553
05/04/2022,429.06,144247900,417.08,429.66,413.7099,554
05/05/2022,413.81,172929100,424.55,425,409.44,555
05/06/2022,411.34,151770800,411.1,414.8,405.73,556
05/09/2022,398.17,155586100,405.1,406.41,396.5,557
05/10/2022,399.09,132497200,404.49,406.08,394.82,558
05/11/2022,392.75,142361000,398.07,404.04,391.96,559
05/12/2022,392.34,125090800,389.37,395.8,385.15,560
05/13/2022,401.72,104174400,396.71,403.18,395.61,561
05/16/2022,400.09,78622440,399.98,403.97,397.6,562
05/17/2022,408.32,83029710,406.53,408.57,402.5824,563
05/18/2022,391.86,117674500,403.5,403.8,390.55,564
05/19/2022,389.46,98510720,388.62,394.14,387.11,565
05/20/2022,389.63,131432200,393.25,397.03,380.54,566
05/23/2022,396.92,76414880,392.83,397.73,390.38,567
05/24/2022,393.89,91448830,392.56,395.15,386.96,568
05/25/2022,397.37,91472870,392.31,399.45,391.89,569
05/26/2022,405.31,82168340,398.67,407.04,398.45,570
05/27/2022,415.26,84768710,407.91,415.3801,407.7,571
05/31/2022,412.93,95936980,413.55,416.46,410.03,572
06/01/2022,409.59,86585810,415.17,416.24,406.93,573
06/02/2022,417.39,79609630,409.42,417.44,407.04,574
06/03/2022,410.54,71874280,412.4,414.04,409.51,575
06/06/2022,411.79,57508860,414.78,416.609,410.5523,576
06/07/2022,415.74,59272370,408.1,416.22,407.61,577
06/08/2022,411.22,64349970,413.93,415.82,410.38,578
06/09/2022,401.44,86289800,409.34,411.74,401.44,579
06/10/2022,389.8,132893900,394.88,395.7777,389.75,580
06/13/2022,375,170004900,379.85,381.81,373.3,581
06/14/2022,373.87,104011800,376.85,377.94,370.59,582
06/15/2022,379.2,125666800,377.36,383.9,372.12,583
06/16/2022,366.65,134473300,370.51,370.94,364.0799,584
06/17/2022,365.86,111113900,365.51,369.38,362.17,585
06/21/2022,375.07,76811860,371.89,376.525,371.81,586
06/22/2022,374.39,90059420,370.62,378.72,370.18,587
06/23/2022,378.06,79292140,376.64,378.83,372.89,588
06/24/2022,390.08,98050330,381.4,390.09,381.365,589
06/27/2022,388.59,66009620,391.05,391.36,387.44,590
06/28/2022,380.65,86689820,390.23,393.16,380.53,591
06/29/2022,380.34,65676000,381.23,382.27,378.42,592
06/30/2022,377.25,112508300,376.24,380.6582,372.56,593
07/01/2022,381.24,74839730,376.56,381.7,373.8,594
07/05/2022,381.96,81437970,375.88,381.98,372.9,595
07/06/2022,383.25,70426240,382.11,385.87,379.6,596
07/07/2022,388.99,64525920,385.12,389.83,383.267,597
07/08/2022,388.67,72397770,387.27,390.64,385.66,598
07/11/2022,384.23,58366950,385.85,386.87,383.5,599
07/12/2022,380.83,62219180,383.65,386.16,378.99,600
07/13/2022,378.83,84224650,375.1,381.92,374.658,601
07/14/2022,377.91,89704820,373.61,379.0498,371.04,602
07/15/2022,385.13,79060380,382.55,385.25,380.54,603
07/18/2022,381.95,63203630,388.38,389.09,380.66,604
07/19/2022,392.27,78505970,386.08,392.87,385.39,605
07/20/2022,394.77,71843770,392.47,396.26,391.03,606
07/21/2022,398.79,64903860,394.16,398.84,391.63,607
07/22/2022,395.09,72197330,398.92,400.18,392.75,608
07/25/2022,395.57,53631490,395.75,396.47,393.21,609
07/26/2022,390.89,52946390,393.84,394.06,389.95,610
07/27/2022,401.04,82342110,394.36,402.88,394.05,611
07/28/2022,406.07,73966560,401.89,406.8,398.15,612
07/29/2022,411.99,87003670,407.58,413.03,406.77,613
08/01/2022,410.77,69997470,409.15,413.41,408.4,614
08/02/2022,408.06,63435420,409.12,413,406.82,615
08/03/2022,414.45,67820560,410.3,415.68,410,616
08/04/2022,414.17,45656570,414.37,415.09,412.44,617
08/05/2022,413.47,56814930,409.66,414.15,409.6,618
08/08/2022,412.99,54025970,415.25,417.62,411.83,619
08/09/2022,411.35,44931770,412.22,412.75,410.22,620
08/10/2022,419.99,68665710,418.78,420.14,416.72,621
08/11/2022,419.99,59489700,422.99,424.95,419.21,622
08/12/2022,427.1,61694540,422.03,427.21,421.03,623
08/15/2022,428.86,54048280,424.765,429.41,424.71,624
08/16/2022,429.7,59289040,427.73,431.73,426.88,625
08/17/2022,426.65,63563390,425.91,429.5,424.54,626
08/18/2022,427.89,49023210,426.86,428.61,425.5,627
08/19/2022,422.14,68016900,424.98,425.26,421.22,628
08/22/2022,413.35,77695640,417.05,417.23,412.4,629
08/23/2022,412.35,49105250,412.9,415.42,411.77,630
08/24/2022,413.67,49177800,412.11,415.1101,411.39,631
08/25/2022,419.51,50942250,415.24,419.56,414.09,632
08/26/2022,405.31,103087000,419.39,419.96,405.25,633
08/29/2022,402.63,65370810,402.2,405.84,401.1999,634
08/30/2022,398.21,85652440,403.85,404.1,396,635
08/31/2022,395.18,76029670,399.93,401.24,395.04,636
09/01/2022,396.42,78740080,392.89,396.78,390.04,637
09/02/2022,392.24,99632150,400.28,401.555,390.33,638
09/06/2022,390.76,76637400,393.13,394.12,388.42,639
09/07/2022,397.78,70964230,390.43,398.59,390.2,640
09/08/2022,400.38,80821680,395.39,400.86,394.12,641
09/09/2022,406.6,76706920,402.74,407.51,402.46,642
09/12/2022,410.97,69256260,408.78,411.73,408.46,643
09/13/2022,393.1,122947100,401.83,403.1,391.92,644
09/14/2022,394.6,85023750,394.47,396.2,391.12,645
09/15/2022,390.12,87633840,392.96,395.96,388.78,646
09/16/2022,385.56,103084800,384.14,386.25,382.11,647
09/19/2022,388.55,73278490,382.26,388.55,382.1784,648
09/20/2022,384.09,77274880,385.06,386.12,381.195,649
09/21/2022,377.39,106746600,386.11,389.31,377.38,650
09/22/2022,374.22,89472640,376.58,378.3,373.44,651
09/23/2022,367.95,122346900,370.58,370.62,363.29,652
09/26/2022,364.31,92581240,366.41,370.21,363.0299,653
09/27/2022,363.38,108294100,368.02,370.4,360.87,654
09/28/2022,370.53,110802200,364.38,372.3,362.6,655
09/29/2022,362.79,112952300,366.81,367.11,359.7,656
09/30/2022,357.18,153711200,361.8,365.91,357.04,657
10/03/2022,366.61,89756480,361.08,368.55,359.21,658
10/04/2022,377.97,103602800,372.4,378,366.5677,659
10/05/2022,377.09,88065670,373.39,379.46,370.95,660
10/06/2022,373.2,82333540,375.62,378.72,372.68,661
10/07/2022,362.79,107789500,368.97,373.2933,360.94,662
10/10/2022,360.02,76042770,363.96,364.21,357.67,663
10/11/2022,357.74,92482790,358.235,363.03,355.71,664
10/12/2022,356.56,76991800,358.17,359.8179,356.3,665
10/13/2022,365.97,147254500,349.205,367.51,348.11,666
10/14/2022,357.63,123737000,368.55,370.26,356.96,667
10/17/2022,366.82,93168230,364.01,367.9799,357.2808,668
10/18/2022,371.13,97162850,375.13,375.45,367.52,669
10/19/2022,368.5,79746860,368.99,371.85,365.55,670
10/20/2022,365.41,88283090,368.03,372.67,364.61,671
10/21/2022,374.29,131038400,365.12,374.8,363.54,672
10/24/2022,378.87,85436910,375.89,380.06,373.11,673
10/25/2022,384.92,78846350,378.79,385.25,378.671,674
10/26/2022,382.02,104087300,381.62,387.58,381.35,675
10/27/2022,379.98,81971760,383.07,385,379.33,676
10/28/2022,389.02,100302000,379.87,389.52,379.68,677
10/31/2022,386.21,96631260,386.44,388.4,385.26,678
11/01/2022,384.52,85407600,390.14,390.39,383.29,679
11/02/2022,374.87,126990400,383.9,388.63,374.76,680
11/03/2022,371.01,87100120,371.465,374.2,368.79,681
11/04/2022,376.35,103505200,377,378.87,370,682
11/07/2022,379.95,68286950,377.71,380.57,375.53,683
11/08/2022,382,84641060,381.11,385.12,377.72,684
11/09/2022,374.13,78495470,379.93,381.14,373.61,685
11/10/2022,394.69,141455800,388.05,395.04,385.642,686
11/11/2022,398.51,93839870,395.59,399.35,393.61,687
11/14/2022,395.12,71893170,396.66,400.1799,394.83,688
11/15/2022,398.49,93194450,401.15,402.31,394.49,689
11/16/2022,395.45,68508450,396.78,397.78,394.79,690
11/17/2022,394.24,74496260,390.46,394.95,390.14,691
11/18/2022,396.03,92922450,397.74,397.81,393.04,692
11/21/2022,394.59,51243190,394.64,395.82,392.66,693
11/22/2022,399.9,60429030,396.63,400.07,395.1527,694
11/23/2022,402.42,68261630,399.55,402.93,399.31,695
11/25/2022,402.33,30545430,401.83,402.91,401.535,696
11/28/2022,395.91,68021750,399.09,400.81,395.11,697
11/29/2022,395.23,52310040,396.05,397.3,393.3,698
11/30/2022,407.68,144566700,395.49,407.68,393.48,699
12/01/2022,407.38,76398170,408.77,410,404.75,700
12/02/2022,406.91,85342730,402.25,407.86,402.14,701
12/05/2022,399.59,77289820,403.95,404.93,398.17,702
12/06/2022,393.83,77972220,399.42,399.99,391.64,703
12/07/2022,393.16,65927900,392.94,395.64,391.97,704
12/08/2022,396.24,60737910,395.14,397.36,393.2684,705
12/09/2022,393.28,81447730,394.94,397.62,393.15,706
12/12/2022,398.95,75405840,394.11,398.95,393.412,707
12/13/2022,401.97,123782500,410.22,410.49,399.07,708
12/14/2022,399.4,108111300,401.61,405.5,396.31,709
12/15/2022,389.63,117705900,394.3,395.25,387.885,710
12/16/2022,383.27,119858000,385.18,386.575,381.04,711
12/19/2022,380.02,79878100,383.47,383.82,378.28,712
12/20/2022,380.54,74427240,379.23,382.23,377.85,713
12/21/2022,386.23,78167370,383.25,387.41,382.69,714
12/22/2022,380.72,100120900,383.05,386.2134,374.77,715
12/23/2022,382.91,59857330,379.65,383.06,378.03,716
12/27/2022,381.4,51638180,382.79,383.15,379.65,717
12/28/2022,376.66,70911520,381.33,383.39,376.42,718
12/29/2022,383.44,66970880,379.63,384.35,379.08,719
12/30/2022,382.43,84022210,380.64,382.58,378.43,720
01/03/2023,380.82,74850730,384.37,386.43,377.831,721
01/04/2023,383.76,85934100,383.18,385.88,380,722
01/05/2023,379.38,76970460,381.72,381.84,378.76,723
01/06/2023,388.08,104189600,382.61,389.25,379.4127,724
01/09/2023,387.86,73978070,390.37,393.7,387.67,725
01/10/2023,390.58,65358090,387.25,390.65,386.27,726
01/11/2023,395.52,68881080,392.23,395.6,391.38,727
01/12/2023,396.96,90157700,396.67,398.485,392.42,728
01/13/2023,398.5,63903930,393.62,399.1,393.34,729
01/17/2023,397.77,62677280,398.48,400.23,397.06,730
01/18/2023,391.49,99632260,399.01,400.12,391.28,731
01/19/2023,388.64,86958920,389.36,391.08,387.26,732
01/20/2023,395.88,91806360,390.1,396.04,388.38,733
01/23/2023,400.63,84178800,396.72,402.645,395.72,734
01/24/2023,400.2,59524910,398.88,401.15,397.64,735
01/25/2023,400.35,84800250,395.95,400.7,393.56,736
01/26/2023,404.75,72287430,403.13,404.92,400.03,737
01/27/2023,405.68,68346180,403.655,408.16,403.44,738
01/30/2023,400.59,74202020,402.8,405.13,400.28,739
01/31/2023,406.48,86811790,401.13,406.53,400.77,740
02/01/2023,410.8,101459200,405.211,413.67,402.35,741
02/02/2023,416.78,101654500,414.86,418.31,412.88,742
02/03/2023,412.35,94736780,411.59,416.97,411.09,743
02/06/2023,409.83,60295330,409.79,411.29,408.1,744
02/07/2023,415.19,90990750,408.87,416.49,407.57,745
02/08/2023,410.65,76227460,413.13,414.53,409.93,746
02/09/2023,407.09,78694860,414.41,414.57,405.81,747
02/10/2023,408.04,70769720,405.86,408.44,405.01,748
02/13/2023,412.83,64913540,408.72,412.97,408.24,749
02/14/2023,412.64,88389310,411.24,415.05,408.511,750
02/15/2023,413.98,61685280,410.35,414.06,409.47,751
02/16/2023,408.28,76431470,408.79,412.91,408.14,752
02/17/2023,407.26,89257820,406.06,407.51,404.05,753
02/21/2023,399.09,82655920,403.06,404.16,398.82,754
02/22/2023,398.54,83742290,399.52,401.13,397.02,755
02/23/2023,400.66,96242400,401.56,402.2,396.25,756
02/24/2023,396.38,108194400,395.42,397.25,393.64,757
02/27/2023,397.73,80444740,399.87,401.29,396.75,758
02/28/2023,396.26,96438570,397.23,399.28,396.15,759
03/01/2023,394.74,99706820,395.41,396.69,393.38,760
03/02/2023,397.81,85404730,392.68,398.69,392.33,761
03/03/2023,404.19,90119950,399.71,404.45,399.03,762
03/06/2023,404.47,72795950,405.05,407.45,404.01,763
03/07/2023,398.27,108310600,404.42,404.67,397.625,764
03/08/2023,398.92,74746630,398.39,399.71,396.59,765
03/09/2023,391.56,111945300,399.74,401.48,390.53,766
03/10/2023,385.91,189253000,390.99,393.16,384.32,767
03/13/2023,385.36,157790000,381.81,390.39,380.65,768
03/14/2023,391.73,149752400,390.5,393.45,387.05,769
03/15/2023,389.28,172996900,385.89,389.49,383.71,770
03/16/2023,396.11,143753900,386.82,396.47,386.29,771
03/17/2023,389.99,140553400,393.22,394.4,388.55,772
03/20/2023,393.74,93055780,390.8,394.17,390.07,773
03/21/2023,398.91,91524250,397.24,399.41,395.58,774
03/22/2023,392.11,111746600,398.73,402.49,392.07,775
03/23/2023,393.17,119351300,395.09,399.29,390.35,776
03/24/2023,395.75,107770100,391.841,395.84,389.4,777
03/27/2023,396.49,74010410,398.12,398.92,395.56,778
03/28/2023,395.6,62871680,395.77,396.49,393.69,779
03/29/2023,401.35,77497880,399.925,401.6,398.68,780
03/30/2023,403.7,69840050,404.09,404.35,401.76,781
03/31/2023,409.39,112062600,404.66,409.7,404.55,782
04/03/2023,410.95,67391100,408.85,411.37,408.44,783
04/04/2023,408.67,66601530,411.62,411.92,407.24,784
04/05/2023,407.6,65200240,407.91,408.7,405.88,785
04/06/2023,409.19,63743350,406.77,409.48,405.678,786
04/10/2023,409.61,63681040,406.61,409.69,405.97,787
04/11/2023,409.72,59297950,410.26,411.18,408.92,788
04/12/2023,408.05,86420380,411.87,412.17,407.44,789
04/13/2023,413.47,85814750,409.18,413.84,407.9922,790
04/14/2023,412.46,78161500,412.81,415.09,410.06,791
04/17/2023,413.94,66436400,412.37,413.96,411.085,792
04/18/2023,414.21,63560000,415.58,415.72,412.7802,793
04/19/2023,414.14,55227330,412.22,415.08,412.16,794
04/20/2023,411.88,75840360,411.21,413.7,410.27,795
04/21/2023,412.2,73457420,412.19,412.68,410.17,796
04/24/2023,412.63,64332100,411.99,413.07,410.6,797
04/25/2023,406.08,97766720,410.58,411.16,406.02,798
04/26/2023,404.36,80447050,406.72,407.84,403.78,799
04/27/2023,412.41,92968370,407,412.69,406.74,800
04/28/2023,415.93,89433140,411.49,415.94,411.43,801
05/01/2023,415.51,62122250,415.47,417.62,415.265,802
05/02/2023,410.84,103998500,414.77,414.82,407.82,803
05/03/2023,408.02,91531770,411.36,413.87,407.77,804
05/04/2023,405.13,94901860,406.93,407.27,403.74,805
05/05/2023,412.63,87891790,408.91,413.72,408.64,806
05/08/2023,412.74,50046770,412.97,413.24,411.28,807
05/09/2023,410.93,49220120,411.13,412.09,410.6894,808
05/10/2023,412.85,96142920,413.88,414.535,408.87,809
05/11/2023,412.13,70157060,411.95,412.43,409.97,810
05/12/2023,411.59,70481550,413.42,413.64,409.07,811
05/15/2023,413.01,54289380,412.22,413.43,410.23,812
05/16/2023,410.25,57705500,411.86,412.815,410.24,813
05/17/2023,415.23,87286960,412.35,415.855,410.635,814
05/18/2023,419.23,97177200,414.9,419.67,414.67,815
05/19/2023,418.62,103793300,420.17,420.72,417.35,816
05/22/2023,418.79,60745400,418.64,420.39,417.35,817
05/23/2023,414.09,86383490,417.08,418.722,413.68,818
05/24/2023,411.09,89213680,412.42,412.82,409.8795,819
05/25/2023,414.65,90961610,414.74,416.16,412.4101,820
05/26/2023,420.02,93829980,415.33,420.77,415.25,821
05/30/2023,420.18,72215960,422.03,422.58,418.735,822
05/31/2023,417.85,110811800,418.28,419.22,416.22,823
06/01/2023,421.82,88865020,418.09,422.92,416.79,824
06/02/2023,427.92,91426170,424.5,428.74,423.95,825
06/05/2023,427.1,65460160,428.28,429.62,426.37,826
06/06/2023,428.03,64022180,426.67,428.5772,425.99,827
06/07/2023,426.55,85373280,428.44,429.62,426.11,828
06/08/2023,429.13,61952840,426.62,429.6,425.82,829
06/09/2023,429.9,85647270,429.96,431.99,428.87,830
06/12/2023,433.8,76256700,430.92,433.88,430.17,831
06/13/2023,436.66,95899700,435.32,437.33,434.63,832
06/14/2023,437.18,100612100,437.01,439.0612,433.59,833
06/15/2023,442.6,110303100,436.33,443.9,436.23,834
06/16/2023,439.46,114165800,443.02,443.6078,438.97,835
06/20/2023,437.18,76160360,437.45,438.37,435.03,836
06/21/2023,434.94,76982250,436.16,436.99,434.33,837
06/22/2023,436.51,70637180,433.95,436.62,433.6,838
06/23/2023,433.21,92074540,432.93,435.06,432.47,839
06/26/2023,431.44,72823560,432.62,434.61,431.19,840
06/27/2023,436.17,72813700,432.35,436.81,431.88,841
06/28/2023,436.39,75635980,435.05,437.44,434.41,842
06/29/2023,438.11,67882300,435.96,438.28,435.54,843
06/30/2023,443.28,104964000,441.44,444.3,441.11,844
07/03/2023,443.79,32793380,442.92,444.08,442.63,845
07/05/2023,443.13,58418430,441.91,443.889,441.9,846
07/06/2023,439.66,80658300,439.42,440.1,437.06,847
07/07/2023,438.55,86134180,438.63,442.64,438.3,848
07/10/2023,439.66,62443500,438.18,439.84,437.585,849
07/11/2023,442.46,64463750,440.45,442.97,439.44,850
07/12/2023,446.02,91924530,446.39,447.4799,444.91,851
07/13/2023,449.56,72425240,447.9,450.38,447.45,852
07/14/2023,449.28,69815820,450.475,451.36,448.49,853
07/17/2023,450.84,52680220,449.13,451.93,449.08,854
07/18/2023,454.19,80744450,450.5,454.86,450.0484,855
07/19/2023,455.2,65891690,455.01,456.43,454.1119,856
07/20/2023,452.18,70591640,454.17,455.1,451.44,857
07/21/2023,452.18,71275620,453.96,454.165,452.17,858
07/24/2023,454.2,54023380,453.37,455.04,452.298,859
07/25/2023,455.44,55191240,453.92,456.735,453.87,860
07/26/2023,455.51,71052890,454.47,456.99,453.38,861
07/27/2023,452.49,92194380,459.02,459.44,451.55,862
07/28/2023,456.92,80011790,455.88,457.78,452.4918,863
07/31/2023,457.79,62040450,457.41,458.16,456.045,864
08/01/2023,456.48,55502200,456.27,457.25,455.49,865
08/02/2023,450.13,93933370,453.25,453.52,449.3499,866
08/03/2023,448.84,64419690,448.04,450.79,447.37,867
08/04/2023,446.81,100128900,450.72,452.895,446.27,868
08/07/2023,450.71,58357460,448.71,450.865,447.99,869
08/08/2023,448.75,71361320,448.08,450.6952,445.2705,870
08/09/2023,445.75,78789580,449.03,449.1999,444.96,871
08/10/2023,445.91,93005500,448.19,451.7,444.7,872
08/11/2023,445.65,68690900,443.97,446.7007,443.345,873
08/14/2023,448.11,47867440,444.7,448.11,444.38,874
08/15/2023,442.89,75707530,446.27,446.64,442.3,875
08/16/2023,439.64,80107210,442.46,444.18,439.53,876
08/17/2023,436.29,95711320,441.16,441.43,435.75,877
08/18/2023,436.5,98851960,433.37,437.57,433.01,878
08/21/2023,439.34,68718960,437.55,440.11,435.32,879
08/22/2023,438.15,65062860,441.18,441.18,437.57,880
08/23/2023,443.03,68441020,439.25,443.67,439.1,881
08/24/2023,436.89,88517270,444.69,445.22,436.855,882
08/25/2023,439.97,102325100,438.68,441.3,435,883
08/28/2023,442.76,61595390,442.24,443.4,439.9728,884
08/29/2023,449.16,83081920,442.65,449.45,442.46,885
08/30/2023,451.01,69053910,449.51,451.67,448.78,886
08/31/2023,450.35,66084560,451.65,452.83,450.16,887
09/01/2023,451.19,58944100,453.17,453.67,449.68,888
09/05/2023,449.24,55166210,450.73,451.06,449.17,889
09/06/2023,446.22,70758510,448.4,448.51,443.81,890
09/07/2023,444.85,70355430,443.11,445.55,442.75,891
09/08/2023,445.52,62068440,444.9,447.11,444.53,892
09/11/2023,448.45,60180120,448.24,448.77,446.4699,893
09/12/2023,445.99,67565420,446.95,448.53,445.39,894
09/13/2023,446.51,60199270,446.22,447.71,445.0793,895
09/14/2023,450.36,83430810,449.07,451.08,447.715,896
09/15/2023,443.37,111848900,447.14,447.48,442.92,897
09/18/2023,443.63,55752210,443.05,444.97,442.56,898
09/19/2023,442.71,66514650,442.68,443.29,439.94,899
09/20/2023,438.64,82562600,444.01,444.435,438.43,900
09/21/2023,431.39,104095800,435.7,435.97,431.23,901
09/22/2023,430.42,100829700,432.45,434.1,429.99,902
09/25/2023,432.23,70874530,429.17,432.27,428.72,903
09/26/2023,425.88,96168440,429.09,429.82,425.02,904
09/27/2023,426.05,104705800,427.09,427.67,422.29,905
09/28/2023,428.52,92258310,425.48,430.2499,424.87,906
09/29/2023,427.48,115111300,431.67,431.85,425.91,907
10/02/2023,427.31,83798600,426.62,428.6,424.46,908
10/03/2023,421.59,103760600,425.06,427.3729,420.18,909
10/04/2023,424.66,87452970,422.07,425.4299,420.56,910
10/05/2023,424.5,70142740,424.36,425.37,421.1701,911
10/06/2023,429.54,113273300,421.97,431.125,420.6,912
10/09/2023,432.29,80374360,427.58,432.88,427.0101,913
10/10/2023,434.54,78607270,432.94,437.22,432.53,914
10/11/2023,436.32,62451740,435.64,436.58,433.18,915
10/12/2023,433.66,81154230,436.95,437.335,431.23,916
10/13/2023,431.5,95201130,435.21,436.45,429.88,917
10/16/2023,436.04,75433190,433.82,437.14,433.57,918
10/17/2023,436.02,75324710,432.81,438.14,432.45,919
10/18/2023,430.21,93559800,434.19,435.18,429.09,920
10/19/2023,426.43,121323000,430.95,432.82,425.725,921
10/20/2023,421.19,123919900,425.98,426.54,421.08,922
10/23/2023,420.46,92035100,419.61,424.45,417.8,923
10/24/2023,423.63,78564240,422.65,424.82,420.74,924
10/25/2023,417.55,94223200,421.89,421.92,417.015,925
10/26/2023,412.55,115156800,416.45,417.325,411.6,926
10/27/2023,410.68,107367700,414.19,414.6,409.21,927
10/30/2023,415.59,86562680,413.56,416.68,412.22,928
10/31/2023,418.2,79665150,416.18,418.53,414.21,929
11/01/2023,422.66,98068120,419.2,423.5,418.6499,930
11/02/2023,430.76,94938910,426.58,430.915,426.56,931
11/03/2023,434.69,100167800,433.14,436.29,433.01,932
11/06/2023,435.69,67831660,435.47,436.1498,433.68,933
11/07/2023,436.93,64256110,435.69,437.585,434.51,934
11/08/2023,437.25,61746030,437.55,438.09,434.87,935
11/09/2023,433.84,83174420,438.43,438.47,433.4,936
11/10/2023,440.61,89558050,435.98,440.93,433.8335,937
11/13/2023,440.19,52236070,439.23,441.33,438.42,938
11/14/2023,448.73,97176940,446.32,450.06,446.09,939
11/15/2023,449.68,77327570,450.11,451.38,448.8,940
11/16/2023,450.23,66665800,449.22,450.56,448.12,941
11/17/2023,450.79,83193900,450.24,451.42,449.29,942
11/20/2023,454.26,70055630,450.53,455.125,450.52,943
11/21/2023,453.27,49244640,453.1842,454.131,451.9599,944
11/22/2023,455.02,59446570,454.98,456.38,453.8895,945
11/24/2023,455.3,29737380,455.07,455.5,454.73,946
11/27/2023,454.48,50505990,454.65,455.4901,454.0799,947
11/28/2023,454.93,62115010,454.08,456.27,453.5,948
11/29/2023,454.61,63145990,457.15,458.32,454.2,949
11/30/2023,456.4,79752700,455.48,456.76,453.34,950
12/01/2023,459.1,89183400,455.77,459.65,455.16,951
12/04/2023,456.69,72430890,455.6,459.1206,454.34,952
12/05/2023,456.6,69793470,455.26,457.59,454.87,953
12/06/2023,454.76,69124690,458.81,458.84,454.31,954
12/07/2023,458.23,66995450,456.91,458.9,456.29,955
12/08/2023,460.2,83194400,457.46,460.745,457.21,956
12/11/2023,461.99,65002250,459.69,462.17,459.47,957
12/12/2023,464.1,68327620,461.63,464.2,460.6,958
12/13/2023,470.5,93277960,464.49,470.7599,464.12,959
12/14/2023,472.01,119026000,472.5,473.73,469.25,960
12/15/2023,469.33,141553700,469.49,470.7,467.4263,961
12/18/2023,471.97,70375290,470.98,472.98,469.8929,962
12/19/2023,474.84,55761810,472.53,474.92,472.45,963
12/20/2023,468.26,102921000,473.96,475.895,467.82,964
12/21/2023,472.7,86667470,471.33,472.975,468.84,965
12/22/2023,473.65,67160420,473.86,475.38,471.7,966
12/26/2023,475.65,55386950,474.07,476.58,473.99,967
12/27/2023,476.51,68000310,475.44,476.66,474.89,968
12/28/2023,476.69,77158120,476.88,477.55,476.26,969
12/29/2023,475.31,122283100,476.49,477.03,473.3,970
01/02/2024,472.65,123007800,472.16,473.67,470.49,971
01/03/2024,468.79,103585900,470.43,471.19,468.17,972
01/04/2024,467.28,84232170,468.3,470.96,467.05,973
01/05/2024,467.92,86118910,467.49,470.44,466.43,974
01/08/2024,474.6,74879070,468.43,474.75,468.3,975
01/09/2024,473.88,65931440,471.87,474.93,471.35,976
01/10/2024,476.56,67310640,474.16,477.4481,473.87,977
01/11/2024,476.35,77940720,477.59,478.12,472.26,978
01/12/2024,476.68,58026420,477.84,478.6,475.23,979
01/16/2024,474.93,85014870,475.26,476.6098,473.06,980
01/17/2024,472.29,68843870,471.82,472.79,469.87,981
01/18/2024,476.49,91856250,474.01,477.06,472.42,982
01/19/2024,482.43,110834500,477.65,482.72,476.5374,983
01/22/2024,483.45,75844930,484.01,485.22,482.78,984
01/23/2024,484.86,49945300,484.01,485.105,482.89,985
01/24/2024,485.39,81765040,487.81,488.77,484.8819,986
01/25/2024,488.03,72524990,487.575,488.305,485.39,987
01/26/2024,487.41,76641610,487.59,489.12,486.54,988
01/29/2024,491.27,61322750,487.73,491.415,487.17,989
01/30/2024,490.89,58618390,490.56,491.62,490.11,990
01/31/2024,482.88,126011100,488.62,489.0813,482.86,991
02/01/2024,489.2,91891640,484.63,489.23,483.8,992
02/02/2024,494.35,99228190,489.65,496.05,489.3,993
02/05/2024,492.55,75757100,493.695,494.3778,490.23,994
02/06/2024,493.98,55918600,493.52,494.32,492.05,995
02/07/2024,498.1,70556510,496.29,498.53,495.36,996
02/08/2024,498.32,52343640,498.1,498.71,497.26,997
02/09/2024,501.2,63979380,498.84,501.65,498.49,998
02/12/2024,500.98,56502280,501.17,503.5,500.24,999
02/13/2024,494.08,113099200,494.53,497.09,490.715,1000
02/14/2024,498.57,68387830,496.79,499.07,494.4,1001
02/15/2024,502.01,61682960,499.29,502.2,498.795,1002
02/16/2024,499.51,75532930,501.7,502.87,498.75,1003
02/20/2024,496.76,71736740,497.72,498.41,494.45,1004
02/21/2024,497.21,59603770,495.42,497.37,493.56,1005
02/22/2024,507.5,76402540,504.01,508.49,503.02,1006
02/23/2024,507.85,61321820,509.27,510.13,507.1,1007
02/26/2024,505.99,50386740,508.3,508.75,505.86,1008
02/27/2024,506.93,48854530,506.7,507.16,504.75,1009
02/28/2024,506.26,56506630,505.33,506.855,504.96,1010
02/29/2024,508.08,83924800,508.07,509.74,505.35,1011
03/01/2024,512.85,76844840,508.98,513.29,508.56,1012
03/04/2024,512.3,49799260,512.03,514.2,512,1013
03/05/2024,507.18,72855620,510.24,510.7,504.91,1014
03/06/2024,509.75,68382370,510.55,512.069,508.42,1015
03/07/2024,514.81,58652090,513.14,515.89,509.8053,1016
03/08/2024,511.72,86532540,515.46,518.2201,511.13,1017
03/11/2024,511.28,62557180,510.48,511.88,508.5,1018
03/12/2024,516.78,73114440,513.45,517.38,510.86,1019
03/13/2024,515.97,55104090,517.11,517.29,514.49,1020
03/14/2024,514.95,110171800,516.97,517.125,511.82,1021
03/15/2024,509.83,107646300,510.21,511.7,508.122,1022
03/18/2024,512.86,88893330,514,515.48,512.44,1023
03/19/2024,515.71,60755260,512.15,515.995,511.12,1024
03/20/2024,520.48,69594570,515.77,520.62,515.08,1025
03/21/2024,522.2,60256110,523.39,524.11,521.91,1026
03/22/2024,521.21,79070840,522.11,522.605,520.97,1027
03/25/2024,519.77,48512110,519.8,520.95,519.61,1028
03/26/2024,518.81,65463740,521.23,521.58,518.4,1029
03/27/2024,523.17,82999780,521.71,523.21,519.485,1030
03/28/2024,523.07,96294890,523.21,524.61,522.78,1031
04/01/2024,522.16,62477540,523.83,524.38,520.97,1032
04/02/2024,518.84,74230310,518.24,518.98,516.48,1033
04/03/2024,519.41,59155760,517.72,520.95,517.665,1034
04/04/2024,513.07,96858070,523.52,523.8674,512.755,1035
04/05/2024,518.43,74546480,514.46,520.44,514.01,1036
04/08/2024,518.72,48401750,519.15,520.18,517.89,1037
04/09/2024,519.32,68124390,520.5,520.75,514.35,1038
04/10/2024,514.12,82652810,513.48,516.16,512.09,1039
04/11/2024,518,70099010,515.68,519.48,512.08,1040
04/12/2024,510.85,92561090,514.37,515.815,509.08,1041
04/15/2024,504.45,92101450,515.13,515.3,503.58,1042
04/16/2024,503.53,73484020,504.94,506.5,502.21,1043
04/17/2024,500.55,75910310,506.05,506.22,499.12,1044
04/18/2024,499.52,74548090,501.98,504.13,498.56,1045
04/19/2024,495.16,102212600,499.44,500.455,493.86,1046
04/22/2024,499.72,67961050,497.83,502.38,495.43,1047
04/23/2024,505.65,64633620,501.78,506.09,499.5328,1048
04/24/2024,505.41,55928080,506.56,507.37,503.13,1049
04/25/2024,503.49,69122370,499.18,504.27,497.49,1050
04/26/2024,508.26,64306120,506.35,509.88,505.7,1051
04/29/2024,510.06,46415450,510.09,510.75,507.25,1052
04/30/2024,501.98,77483570,508.56,509.56,501.98,1053
05/01/2024,500.35,80242840,501.38,508.19,499.865,1054
05/02/2024,505.03,62550180,504.15,505.89,499.55,1055
05/03/2024,511.29,72756710,511.16,512.55,508.56,1056
05/06/2024,516.57,47264700,513.75,516.61,513.3,1057
05/07/2024,517.14,52561300,517.56,518.57,516.45,1058
05/08/2024,517.19,42047210,515.26,517.74,515.14,1059
05/09/2024,520.17,43643670,517.38,520.2074,516.705,1060
05/10/2024,520.84,52233170,521.81,522.635,519.59,1061
05/13/2024,520.91,36716360,522.56,522.67,519.74,1062
05/14/2024,523.3,57535870,521.11,523.83,520.56,1063
05/15/2024,529.78,59504900,525.83,530.08,525.18,1064
05/16/2024,528.69,50244830,529.88,531.5218,528.54,1065
05/17/2024,529.45,59187590,528.81,529.52,527.32,1066
05/20/2024,530.06,37764210,529.57,531.5601,529.17,1067
05/21/2024,531.36,33437000,529.28,531.52,529.07,1068
05/22/2024,529.83,48389970,530.65,531.38,527.6,1069
05/23/2024,525.96,57211200,532.96,533.07,524.72,1070
05/24/2024,529.44,41291080,527.85,530.27,526.881,1071
05/28/2024,529.81,36269600,530.27,530.51,527.11,1072
05/29/2024,526.1,45190320,525.68,527.31,525.37,1073
05/30/2024,522.61,46468510,524.52,525.2,521.33,1074
05/31/2024,527.37,90785760,523.59,527.5,518.36,1075
06/03/2024,527.8,46835700,529.02,529.31,522.6,1076
06/04/2024,528.39,34632660,526.46,529.15,524.96,1077
06/05/2024,534.67,47610370,530.77,534.69,528.7254,1078
06/06/2024,534.66,30808530,534.98,535.42,532.68,1079
06/07/2024,534.01,43224530,533.66,536.89,532.535,1080
06/10/2024,535.66,35729250,533.18,535.99,532.57,1081
06/11/2024,536.95,36383410,534.07,537.01,532.05,1082
06/12/2024,541.36,63251310,541.63,544.12,540.3,1083
06/13/2024,542.45,44760950,543.15,543.325,539.59,1084
06/14/2024,542.78,40089900,540.88,542.81,539.85,1085
06/17/2024,547.1,55839460,542.08,548.53,541.6072,1086
06/18/2024,548.49,41376420,547.16,548.62,546.73,1087
06/20/2024,547,70328230,549.44,550.12,545.18,1088
06/21/2024,544.51,64513860,544.4,545.65,543.02,1089
06/24/2024,542.74,45528650,544.33,546.95,542.62,1090
06/25/2024,544.83,38273350,543.99,545.2,542.44,1091
06/26/2024,545.51,38550640,543.69,546.24,543.03,1092
06/27/2024,546.37,35041480,545.37,546.96,544.61,1093
06/28/2024,544.22,76144540,547.16,550.28,542.95,1094
07/01/2024,545.34,40297810,545.63,545.88,542.52,1095
07/02/2024,549.01,40434790,543.7,549.01,543.65,1096
07/03/2024,551.46,32789910,548.69,551.83,548.65,1097
07/05/2024,554.64,41488390,551.77,555.05,551.12,1098
07/08/2024,555.28,36110450,555.44,556.2501,554.19,1099
07/09/2024,555.82,27314130,556.26,557.18,555.52,1100
07/10/2024,561.32,38701220,557.07,561.67,556.77,1101
07/11/2024,556.48,53054180,561.44,562.33,555.83,1102
07/12/2024,559.99,53084410,557.63,563.67,557.15,1103
07/15/2024,561.53,40584290,562.03,564.8371,559.63,1104
07/16/2024,564.86,36475260,562.865,565.16,562.1,1105
07/17/2024,556.94,57118960,558.8,560.51,556.61,1106
07/18/2024,552.66,56270390,558.51,559.52,550.43,1107
07/19/2024,548.99,65509080,552.42,554.08,547.91,1108
07/22/2024,554.65,43346720,553,555.27,551.02,1109
07/23/2024,553.78,34439560,554.54,556.735,553.275,1110
07/24/2024,541.23,74515270,548.86,549.17,540.29,1111
07/25/2024,538.41,61158290,541.35,547.455,537.45,1112
07/26/2024,544.44,53763790,542.28,547.19,541.49,1113
07/29/2024,544.76,39515820,546.02,547.05,542.72,1114
07/30/2024,542,46853630,546.26,547.34,538.515,1115
07/31/2024,550.81,65663390,548.98,553.5,547.5799,1116
08/01/2024,543.01,76428730,552.57,554.8688,539.43,1117
08/02/2024,532.9,82789070,535.75,536.99,528.6,1118
08/05/2024,517.38,146267400,511.64,523.58,510.27,1119
08/06/2024,522.15,84826310,519.22,529.75,517.87,1120
08/07/2024,518.66,70698340,528.47,531.59,518.0519,1121
08/08/2024,530.65,63276590,523.91,531.29,521.84,1122
08/09/2024,532.99,45619560,529.81,534.51,528.56,1123
08/12/2024,533.27,42542070,534.21,535.73,530.95,1124
08/13/2024,542.04,52333070,536.53,542.28,536.28,1125
08/14/2024,543.75,42446930,542.85,544.96,540.12,1126
08/15/2024,553.07,60846810,549.5,553.36,548.88,1127
08/16/2024,554.31,44430730,551.42,555.02,551.26,1128
08/19/2024,559.61,39121790,554.73,559.61,553.86,1129
08/20/2024,558.7,33732260,559.15,560.84,557.325,1130
08/21/2024,560.62,41514600,559.77,562.11,554.73,1131
08/22/2024,556.22,56121460,562.56,563.18,554.98,1132
08/23/2024,562.13,50639390,559.53,563.09,557.29,1133
08/26/2024,560.79,35788610,563.18,563.91,559.05,1134
08/27/2024,561.56,32693900,559.49,562.06,558.32,1135
08/28/2024,558.3,41066020,561.21,561.65,555.04,1136
08/29/2024,558.35,38715180,560.31,563.68,557.18,1137
08/30/2024,563.68,62700110,560.77,564.2,557.14,1138
09/03/2024,552.08,60600110,560.47,560.81,549.51,1139
09/04/2024,550.95,47224940,550.2,554.43,549.46,1140
09/05/2024,549.61,44264260,550.89,553.7995,547.1,1141
09/06/2024,540.36,68493810,549.94,551.6,539.44,1142
09/09/2024,546.41,40445820,544.65,547.71,542.68,1143
09/10/2024,548.79,36394580,548.36,549.15,543.38,1144
09/11/2024,554.42,75248610,548.7,555.36,539.96,1145
09/12/2024,559.09,51892740,555.01,559.4,552.74,1146
09/13/2024,562.01,39310500,559.71,563.03,559.45,1147
09/16/2024,562.84,36656120,561.74,563.11,559.9,1148
09/17/2024,563.07,49320970,565.1,566.58,560.795,1149
09/18/2024,561.4,59044940,563.74,568.69,560.83,1150
09/19/2024,570.98,75315470,571.01,572.88,568.08,1151
09/20/2024,568.25,77503110,567.84,569.31,565.17,1152
09/23/2024,569.67,44116920,569.34,570.3325,568.1,1153
09/24/2024,571.3,46805670,570.48,571.36,567.6,1154
09/25/2024,570.04,38428590,571.14,571.89,568.91,1155
09/26/2024,572.3,48336000,574.38,574.71,569.9,1156
09/27/2024,571.47,42100930,573.39,574.22,570.42,1157
09/30/2024,573.76,63655450,570.42,574.38,568.08,1158
10/01/2024,568.62,72668780,573.4,574.0622,566,1159
10/02/2024,568.86,38097800,567.71,569.9,565.27,1160
10/03/2024,567.82,40846470,567.36,569.8025,565.49,1161
10/04/2024,572.98,43005190,572.35,573.36,568.1,1162
10/07/2024,567.8,49964690,571.3,571.9599,566.63,1163
10/08/2024,573.17,37398690,570.42,573.78,569.5299,1164
10/09/2024,577.14,37912240,573.16,577.71,572.55,1165
10/10/2024,576.13,44138060,575.77,577.58,574.49,1166
10/11/2024,579.58,42267990,576.05,580.33,575.91,1167
10/14/2024,584.32,36217220,581.22,585.27,580.73,1168
10/15/2024,579.78,54203640,584.59,584.9,578.545,1169
10/16/2024,582.3,30725440,579.78,582.83,578.96,1170
10/17/2024,582.35,34393710,585.91,586.12,582.16,1171
10/18/2024,584.59,37416800,584.07,585.39,582.58,1172
10/21/2024,583.63,36439010,583.85,584.85,580.6001,1173
10/22/2024,583.32,34183840,581.05,584.5,580.38,1174
10/23/2024,577.99,49314570,581.26,581.7086,574.415,1175
10/24/2024,579.24,34979860,579.98,580.06,576.57,1176
10/25/2024,579.04,47268180,581.51,584.46,578.08,1177
10/28/2024,580.83,30174700,582.58,582.71,580.52,1178
10/29/2024,581.77,42899660,579.85,582.907,578.43,1179
10/30/2024,580.01,41435840,581.29,583.32,579.29,1180
10/31/2024,568.64,60182450,575.56,575.63,568.44,1181
11/01/2024,571.04,45667530,571.32,575.55,570.62,1182
11/04/2024,569.81,38216980,571.18,572.5,567.89,1183
11/05/2024,576.7,39478320,570.74,576.74,570.52,1184
11/06/2024,591.04,68181970,589.2,591.93,585.39,1185
11/07/2024,595.61,47233210,593.08,596.65,592.9999,1186
11/08/2024,598.19,46444890,596.17,599.64,596.165,1187
11/11/2024,598.76,37586770,599.81,600.17,597,1188
11/12/2024,596.9,43006130,598.68,599.29,594.37,1189
11/13/2024,597.19,47388640,597.37,599.23,594.96,1190
11/14/2024,593.35,38904110,597.32,597.81,592.65,1191
11/15/2024,585.75,75988770,589.72,590.2,583.86,1192
11/18/2024,588.15,37084080,586.22,589.49,585.34,1193
11/19/2024,590.3,49412050,584.71,591.045,584.03,1194
11/20/2024,590.5,50032580,590.38,590.79,584.63,1195
11/21/2024,593.67,46750290,593.4,595.12,587.45,1196
11/22/2024,595.51,38226390,593.66,596.15,593.1525,1197
11/25/2024,597.53,42441390,599.52,600.86,595.2,1198
11/26/2024,600.65,45621290,598.8,601.33,598.07,1199
11/27/2024,598.83,34000160,600.46,600.85,597.28,1200
11/29/2024,602.55,30177350,599.66,603.35,599.3805,1201
12/02/2024,603.63,31745990,602.97,604.32,602.47,1202
12/03/2024,603.91,26906630,603.39,604.16,602.341,1203
12/04/2024,607.66,42787560,605.63,607.91,604.95,1204
12/05/2024,606.66,28762180,607.66,608.48,606.305,1205
12/06/2024,607.81,31241550,607.44,609.07,607.02,1206
12/09/2024,604.68,34742740,607.69,607.86,604.08,1207
12/10/2024,602.8,37234520,605.37,605.8,602.13,1208
12/11/2024,607.46,28677720,605.78,608.435,605.5,1209
12/12/2024,604.33,31543810,606.58,607.16,604.33,1210
12/13/2024,604.21,35904730,606.4,607.13,602.81,1211
12/16/2024,606.79,43695180,606,607.7795,605.21,1212
12/17/2024,604.29,55773550,604.19,605.17,602.885,1213
12/18/2024,586.28,108248700,603.98,606.405,585.89,1214
12/19/2024,586.1,85919450,591.36,593,585.85,1215
12/20/2024,591.15,125716700,581.77,595.75,580.91,1216
12/23/2024,594.69,57635830,590.89,595.3,587.661,1217
12/24/2024,601.3,33160100,596.06,601.34,595.47,1218
12/26/2024,601.34,41338890,599.5,602.48,598.0825,1219
12/27/2024,595.01,64969310,597.54,597.7761,590.7647,1220
12/30/2024,588.22,56578760,587.89,591.74,584.41,1221
12/31/2024,586.08,57052650,589.905,590.6399,584.42,1222
01/02/2025,584.64,50203980,589.39,591.13,580.5,1223
01/03/2025,591.95,37888460,587.53,592.6,586.43,1224
01/06/2025,595.36,47679440,596.27,599.7,593.6,1225
01/07/2025,588.63,60393050,597.42,597.75,586.78,1226
01/08/2025,589.49,47304670,588.7,590.5799,585.195,1227
01/10/2025,580.49,73105050,585.88,585.95,578.55,1228
01/13/2025,581.39,47910060,575.77,581.75,575.35,1229
01/14/2025,582.19,48420580,584.36,585,578.35,1230
01/15/2025,592.78,56900160,590.325,593.94,589.195,1231
01/16/2025,591.64,43319660,594.175,594.35,590.93,1232
01/17/2025,597.58,58070630,596.96,599.36,595.61,1233
01/21/2025,603.05,42532850,600.67,603.06,598.67,1234
01/22/2025,606.44,48195970,605.92,607.82,605.36,1235
01/23/2025,609.75,41152100,605.8,609.75,605.52,1236
01/24/2025,607.97,34604690,609.81,610.78,606.8,1237
01/27/2025,599.37,70361130,594.81,599.69,594.64,1238
01/28/2025,604.52,44433320,600.62,605.37,597.25,1239
01/29/2025,601.81,37177430,603.72,604.13,599.22,1240
01/30/2025,605.04,39281260,603.96,606.6,600.715,1241
01/31/2025,601.82,66671470,607.5,609.96,601.05,1242
02/03/2025,597.77,65857250,592.67,600.29,590.49,1243
02/04/2025,601.78,33457820,597.83,602.3,597.28,1244
02/05/2025,604.22,30653150,600.64,604.37,598.58,1245
02/06/2025,606.32,35771500,605.99,606.4525,602.63,1246
02/07/2025,600.77,50788520,606.89,608.13,600.05,1247
02/10/2025,604.85,26048710,604.03,605.4999,602.74,1248
02/11/2025,605.31,30056740,602.55,605.86,602.43,1249
02/12/2025,603.36,45076080,599.2,604.55,598.51,1250
02/13/2025,609.73,40921300,604.48,609.94,603.2,1251
02/14/2025,609.7,26910450,609.94,610.99,609.07,1252
02/18/2025,611.49,26749030,610.88,611.49,608.38,1253
02/19/2025,612.93,31011070,610.08,613.23,609.56,1254
02/20/2025,610.38,36554000,611.54,611.684,607.02,1255
02/21/2025,599.94,76519820,610.16,610.3,599.47,1256
02/24/2025,597.21,50737210,602.02,603.03,596.49,1257